{
  "KEY_0": [
    0.457031,
    0.20954,
    0.034668,
    0.120954
  ],
  "KEY_1": [
    0.060059,
    0.20954,
    0.034668,
    0.120954
  ],
  "KEY_102ND": [
    0.071289,
    0.67121,
    0.034668,
    0.120954
  ],
  "KEY_2": [
    0.104004,
    0.20954,
    0.034668,
    0.120954
  ],
  "KEY_3": [
    0.148438,
    0.20954,
    0.03418,
    0.120954
  ],
  "KEY_4": [
    0.192383,
    0.20954,
    0.034668,
    0.120954
  ],
  "KEY_5": [
    0.236328,
    0.20954,
    0.034668,
    0.120954
  ],
  "KEY_6": [
    0.280762,
    0.20954,
    0.03418,
    0.120954
  ],
  "KEY_7": [
    0.324707,
    0.20954,
    0.034668,
    0.120954
  ],
  "KEY_8": [
    0.368652,
    0.20954,
    0.034668,
    0.120954
  ],
  "KEY_9": [
    0.412598,
    0.20954,
    0.034668,
    0.120954
  ],
  "KEY_A": [
    0.092773,
    0.517888,
    0.034668,
    0.11925
  ],
  "KEY_APOSTROPHE": [
    0.533691,
    0.517888,
    0.034668,
    0.11925
  ],
  "KEY_B": [
    0.291504,
    0.67121,
    0.034668,
    0.120954
  ],
  "KEY_BACKSLASH": [
    0.578125,
    0.517888,
    0.034668,
    0.11925
  ],
  "KEY_C": [
    0.203613,
    0.67121,
    0.034668,
    0.120954
  ],
  "KEY_CAPSLOCK": [
    0.016113,
    0.517888,
    0.067383,
    0.11925
  ],
  "KEY_COMMA": [
    0.423828,
    0.67121,
    0.034668,
    0.120954
  ],
  "KEY_D": [
    0.181152,
    0.517888,
    0.034668,
    0.11925
  ],
  "KEY_DOT": [
    0.468262,
    0.67121,
    0.034668,
    0.120954
  ],
  "KEY_DOWN": [
    0.727539,
    0.824532,
    0.034668,
    0.120954
  ],
  "KEY_E": [
    0.169922,
    0.362862,
    0.034668,
    0.120954
  ],
  "KEY_EQUAL": [
    0.544922,
    0.20954,
    0.034668,
    0.120954
  ],
  "KEY_F": [
    0.225098,
    0.517888,
    0.034668,
    0.11925
  ],
  "KEY_F1": [
    0.060059,
    0.056218,
    0.034668,
    0.120954
  ],
  "KEY_F10": [
    0.544922,
    0.056218,
    0.034668,
    0.120954
  ],
  "KEY_F11": [
    0.589355,
    0.056218,
    0.034668,
    0.120954
  ],
  "KEY_F12": [
    0.633301,
    0.056218,
    0.034668,
    0.120954
  ],
  "KEY_F2": [
    0.104004,
    0.056218,
    0.034668,
    0.120954
  ],
  "KEY_F3": [
    0.148438,
    0.056218,
    0.03418,
    0.120954
  ],
  "KEY_F4": [
    0.192383,
    0.056218,
    0.034668,
    0.120954
  ],
  "KEY_F5": [
    0.280762,
    0.056218,
    0.03418,
    0.120954
  ],
  "KEY_F6": [
    0.324707,
    0.056218,
    0.034668,
    0.120954
  ],
  "KEY_F7": [
    0.368652,
    0.056218,
    0.034668,
    0.120954
  ],
  "KEY_F8": [
    0.412598,
    0.056218,
    0.034668,
    0.120954
  ],
  "KEY_F9": [
    0.500977,
    0.056218,
    0.034668,
    0.120954
  ],
  "KEY_G": [
    0.269531,
    0.517888,
    0.03418,
    0.11925
  ],
  "KEY_GRAVE": [
    0.016113,
    0.20954,
    0.034668,
    0.120954
  ],
  "KEY_H": [
    0.313477,
    0.517888,
    0.034668,
    0.11925
  ],
  "KEY_I": [
    0.391113,
    0.362862,
    0.034668,
    0.120954
  ],
  "KEY_J": [
    0.357422,
    0.517888,
    0.034668,
    0.11925
  ],
  "KEY_K": [
    0.401367,
    0.517888,
    0.034668,
    0.11925
  ],
  "KEY_KP0": [
    0.813965,
    0.824532,
    0.079102,
    0.120954
  ],
  "KEY_KP1": [
    0.813965,
    0.67121,
    0.034668,
    0.120954
  ],
  "KEY_KP2": [
    0.858398,
    0.67121,
    0.034668,
    0.120954
  ],
  "KEY_KP3": [
    0.902344,
    0.67121,
    0.034668,
    0.120954
  ],
  "KEY_KP4": [
    0.813965,
    0.517888,
    0.034668,
    0.11925
  ],
  "KEY_KP5": [
    0.858398,
    0.517888,
    0.034668,
    0.11925
  ],
  "KEY_KP6": [
    0.902344,
    0.517888,
    0.034668,
    0.11925
  ],
  "KEY_KP7": [
    0.813965,
    0.362862,
    0.034668,
    0.120954
  ],
  "KEY_KP8": [
    0.858398,
    0.362862,
    0.034668,
    0.120954
  ],
  "KEY_KP9": [
    0.902344,
    0.362862,
    0.034668,
    0.120954
  ],
  "KEY_KPASTERISK": [
    0.902344,
    0.20954,
    0.034668,
    0.120954
  ],
  "KEY_KPDOT": [
    0.902344,
    0.824532,
    0.034668,
    0.120954
  ],
  "KEY_KPENTER": [
    0.946289,
    0.67121,
    0.034668,
    0.274276
  ],
  "KEY_KPMINUS": [
    0.946289,
    0.20954,
    0.034668,
    0.120954
  ],
  "KEY_KPPLUS": [
    0.946289,
    0.362862,
    0.034668,
    0.274276
  ],
  "KEY_KPSLASH": [
    0.858398,
    0.20954,
    0.034668,
    0.120954
  ],
  "KEY_L": [
    0.445801,
    0.517888,
    0.034668,
    0.11925
  ],
  "KEY_LEFT": [
    0.683594,
    0.824532,
    0.03418,
    0.120954
  ],
  "KEY_LEFTBRACE": [
    0.522461,
    0.362862,
    0.034668,
    0.120954
  ],
  "KEY_M": [
    0.379883,
    0.67121,
    0.034668,
    0.120954
  ],
  "KEY_MINUS": [
    0.500977,
    0.20954,
    0.034668,
    0.120954
  ],
  "KEY_N": [
    0.335938,
    0.67121,
    0.034668,
    0.120954
  ],
  "KEY_O": [
    0.43457,
    0.362862,
    0.034668,
    0.120954
  ],
  "KEY_P": [
    0.479492,
    0.362862,
    0.034668,
    0.120954
  ],
  "KEY_Q": [
    0.081543,
    0.362862,
    0.034668,
    0.120954
  ],
  "KEY_R": [
    0.214844,
    0.362862,
    0.034668,
    0.120954
  ],
  "KEY_RIGHT": [
    0.771484,
    0.824532,
    0.034668,
    0.120954
  ],
  "KEY_RIGHTBRACE": [
    0.567383,
    0.362862,
    0.034668,
    0.120954
  ],
  "KEY_S": [
    0.137207,
    0.517888,
    0.034668,
    0.11925
  ],
  "KEY_SEMICOLON": [
    0.489746,
    0.517888,
    0.034668,
    0.11925
  ],
  "KEY_SLASH": [
    0.512207,
    0.67121,
    0.034668,
    0.120954
  ],
  "KEY_SPACE": [
    0.181152,
    0.824532,
    0.265625,
    0.120954
  ],
  "KEY_T": [
    0.258301,
    0.362862,
    0.03418,
    0.120954
  ],
  "KEY_TAB": [
    0.016113,
    0.362862,
    0.056152,
    0.120954
  ],
  "KEY_U": [
    0.346191,
    0.362862,
    0.034668,
    0.120954
  ],
  "KEY_UP": [
    0.727539,
    0.67121,
    0.034668,
    0.120954
  ],
  "KEY_V": [
    0.247559,
    0.67121,
    0.034668,
    0.120954
  ],
  "KEY_W": [
    0.126465,
    0.362862,
    0.034668,
    0.120954
  ],
  "KEY_X": [
    0.159668,
    0.67121,
    0.03418,
    0.120954
  ],
  "KEY_Y": [
    0.302734,
    0.362862,
    0.034668,
    0.120954
  ],
  "KEY_Z": [
    0.115234,
    0.67121,
    0.034668,
    0.120954
  ]
}