{
  "12": {
    "thumb12_bottom_left": [
      0.4284707259386778,
      0.5926063860345251,
      0.07645703330636028,
      0.1840000049487964
    ],
    "thumb12_bottom_middle_left": [
      0.503854538500309,
      0.5780188411439208,
      0.07686133086681357,
      0.1849729795713683
    ],
    "thumb12_bottom_middle_right": [
      0.5773164168000221,
      0.5503455013001708,
      0.0869687527418137,
      0.20929730389569262
    ],
    "thumb12_bottom_right": [
      0.6505586043000221,
      0.5503455013001708,
      0.0869687527418137,
      0.20929730389569262
    ],
    "thumb12_middle_left": [
      0.4216211099177599,
      0.42383080470155743,
      0.07726562842726703,
      0.18594595419394
    ],
    "thumb12_middle_middle_left": [
      0.4981973122805357,
      0.40506231305742096,
      0.07645703330636028,
      0.1840000049487964
    ],
    "thumb12_middle_middle_right": [
      0.5736484495922923,
      0.3892268139383067,
      0.07672656215727325,
      0.18464864782384927
    ],
    "thumb12_middle_right": [
      0.6498877089470625,
      0.3893889798120662,
      0.07659179344773293,
      0.18432431607633024
    ],
    "thumb12_top_left": [
      0.41251563709229233,
      0.2594970913807458,
      0.07672656215727325,
      0.18464864782384927
    ],
    "thumb12_top_middle_left": [
      0.48913872092962263,
      0.2295605346823131,
      0.07699609100818638,
      0.185297290698902
    ],
    "thumb12_top_middle_right": [
      0.564475622214377,
      0.213450081508112,
      0.07632226459681979,
      0.18367567320127748
    ],
    "thumb12_top_right": [
      0.6422705333679914,
      0.21876616875797544,
      0.07659179344773293,
      0.18432431607633024
    ]
  },
  "2": {
    "mb4": [
      0.425234375,
      0.2936310223266745,
      0.08068359375,
      0.19417156286721504
    ],
    "mb5": [
      0.57615234375,
      0.24432432432432435,
      0.07962890625,
      0.1929024676850764
    ]
  },
  "6": {
    "bottom_row_right": [
      0.5932421875,
      0.4440893066980024,
      0.07962890625,
      0.1929024676850764
    ],
    "thumb6_bottom_left": [
      0.416953125,
      0.4852173913043478,
      0.08015625000000001,
      0.1929024676850764
    ],
    "thumb6_bottom_middle": [
      0.50484375,
      0.47111633372502937,
      0.08015625000000001,
      0.1929024676850764
    ],
    "top_row_left": [
      0.39447265625,
      0.2936310223266745,
      0.08068359375,
      0.19417156286721504
    ],
    "top_row_middle": [
      0.47990234375,
      0.26068155111633373,
      0.08121093750000001,
      0.1954406580493537
    ],
    "top_row_right": [
      0.5668359375,
      0.24893066980023504,
      0.08068359375,
      0.1954406580493537
    ]
  },
  "top": {
    "dpi_down": [
      0.4160814606741573,
      0.38525390625,
      0.10533707865168539,
      0.0732421875
    ],
    "dpi_up": [
      0.41151685393258425,
      0.31396484375,
      0.10533707865168539,
      0.0732421875
    ],
    "middle_click": [
      0.40870786516853935,
      0.16845703125,
      0.11938202247191011,
      0.0830078125
    ],
    "wheel_tilt_left": [
      0.29424157303370785,
      0.1923828125,
      0.11938202247191011,
      0.0830078125
    ],
    "wheel_tilt_right": [
      0.5182584269662921,
      0.1923828125,
      0.11938202247191011,
      0.0830078125
    ]
  }
}